Workbook

Sheet 📋_Your_Tasks
A1: VLOOKUP, XLOOKUP & LINKING DATA
A3: NAME:
A4: DATE:
A8: ━━━━━━━━━━━━━━━━━━━━━━━━━━━━━━━━━━━━━━━━━━━━━━━━━━━━━━━━━━━━━━━━━━━━━━━━━━━━━━━━━━━━━
A9: TASK 1 — VLOOKUP: Find Department Name (Beginner)
A10: Go to the 'Task1_VLOOKUP' sheet.
A11: In column D, use VLOOKUP to pull the Department Name from the Department_Ref table.
A12: Lookup key: column C (Dept ID) → Table: Department_Ref!$A:$B → Return column 2
A13: Formula to write: =VLOOKUP(C2, Department_Ref!$A:$B, 2, 0)
A14: Copy the formula down for all 40 employees.
A16: ━━━━━━━━━━━━━━━━━━━━━━━━━━━━━━━━━━━━━━━━━━━━━━━━━━━━━━━━━━━━━━━━━━━━━━━━━━━━━━━━━━━━━
A17: TASK 2 — VLOOKUP with IFERROR: Find Bonus % (Intermediate)
... A42: All three should return the same result. Which syntax do you prefer and why?

Sheet Employee_Master
A1: Emp ID | B1: Full Name | C1: Dept ID | D1: Job Title | E1: Grade | F1: City | G1: Experience (Yrs) | H1: Annual Salary (₹) | I1: Perf Rating
A2: EMP1001 | B2: Vivek Chopra | C2: D002 | D2: Director | E2: L5 | F2: Delhi | G2: 4 | H2: 210000 | I2: B
A3: EMP1002 | B3: Suresh Singh | C3: D003 | D3: Senior Manager | E3: L4 | F3: Pune | G3: 11 | H3: 178000 | I3: C
A4: EMP1003 | B4: Ritu Singh | C4: D005 | D4: Senior Manager | E4: L4 | F4: Delhi | G4: 7 | H4: 147000 | I4: C
A5: EMP1004 | B5: Swati Joshi | C5: D003 | D5: Senior Manager | E5: L4 | F5: Chennai | G5: 4 | H5: 178000 | I5: B
A6: EMP1005 | B6: Sanjay Reddy | C6: D005 | D6: Manager | E6: L3 | F6: Mumbai | G6: 12 | H6: 119000 | I6: C
A7: EMP1006 | B7: Rekha Singh | C7: D004 | D7: Manager | E7: L3 | F7: Hyderabad | G7: 1 | H7: 110000 | I7: B
A8: EMP1007 | B8: Ritu Sharma | C8: D004 | D8: Senior Analyst | E8: L2 | F8: Bangalore | G8: 15 | H8: 88000 | I8: C
A9: EMP1008 | B9: Rahul Nair | C9: D005 | D9: Senior Analyst | E9: L2 | F9: Pune | G9: 8 | H9: 94000 | I9: A
A10: EMP1009 | B10: Sneha Patel | C10: D002 | D10: Senior Analyst | E10: L2 | F10: Chennai | G10: 13 | H10: 101000 | I10: B
A11: EMP1010 | B11: Swati Reddy | C11: D005 | D11: Senior Analyst | E11: L2 | F11: Mumbai | G11: 2 | H11: 94000 | I11: A
A12: EMP1011 | B12: Meena Shah | C12: D006 | D12: Senior Manager | E12: L4 | F12: Mumbai | G12: 15 | H12: 143000 | I12: B
A13: EMP1012 | B13: Dhruv Singh | C13: D002 | D13: Manager | E13: L3 | F13: Pune | G13: 1 | H13: 128000 | I13: B
... A24: EMP1023 | B24: Dhruv Rao | C24: D006 | D24: Manager | E24: L3 | F24: Mumbai | G24: 14 | H24: 116000 | I24: C
A25: EMP1024 | C25: D002 | D25: Senior Analyst | E25: L2 | F25: Hyderabad | G25: 5 | H25: 101000 | I25: B
A26: EMP1025 | B26: Rahul Nair | C26: D004 | D26: Manager | E26: L3 | F26: Mumbai | G26: 9 | H26: 110000 | I26: B
A27: EMP1026 | B27: Rekha Agarwal | C27: D004 | D27: Director | E27: L5 | F27: Delhi | G27: 15 | H27: 182000 | I27: B
A28: EMP1027 | B28: Nisha Mishra | C28: D004 | D28: Director | E28: L5 | F28: Delhi | G28: 5 | H28: 182000 | I28: B
A29: EMP1028 | B29: Rekha Nair | C29: D002 | D29: Senior Manager | E29: L4 | F29: Bangalore | G29: 15 | H29: 158000 | I29: B
A30: EMP1029 | B30: Sneha Sharma | C30: D006 | D30: Manager | E30: L3 | F30: Chennai | G30: 5 | H30: 116000 | I30: A
A31: EMP1030 | B31: Karan Reddy | C31: D006 | D31: Manager | E31: L3 | F31: Chennai | G31: 7 | H31: 116000 | I31: C
A32: EMP1031 | B32: Manoj Rao | C32: D004 | D32: Manager | E32: L3 | F32: Chennai | G32: 7 | H32: 110000 | I32: A
A33: EMP1032 | B33: Anjali Joshi | C33: D001 | D33: Director | E33: L5 | F33: Bangalore | G33: 11 | H33: 266000 | I33: C
A34: EMP1033 | B34: Meena Nair | C34: D002 | D34: Manager | E34: L3 | F34: Chennai | G34: 14 | H34: 128000 | I34: C
A35: EMP1034 | B35: Nisha Nair | C35: D005 | D35: Director | E35: L5 | F35: Chennai | G35: 10 | H35: 196000 | I35: A
A36: EMP1035 | B36: Dhruv Mishra | C36: D002 | D36: Analyst | E36: L1 | F36: Mumbai | G36: 13 | H36: 75000 | I36: B
A37: EMP1036 | B37: Rahul Verma | C37: D001 | D37: Senior Manager | E37: L4 | F37: Bangalore | G37: 6 | H37: 200000 | I37: C
... A41: EMP1040 | B41: Rohit Joshi | C41: D003 | D41: Senior Manager | E41: L4 | F41: Pune | G41: 14 | H41: 178000 | I41: C

Sheet Department_Ref
A1: Dept ID | B1: Department Name | C1: Head of Dept | D1: Base Salary (₹) | E1: Location | F1: Budget (₹ Cr)
A2: D001 | B2: Engineering | C2: Anil Sharma | D2: 95000 | E2: Bangalore | F2: 12.5
A3: D002 | B3: Marketing | C3: Sunita Rao | D3: 75000 | E3: Mumbai | F3: 8.2
A4: D003 | B4: Finance | C4: Rajiv Gupta | D4: 85000 | E4: Delhi | F4: 6.8
A5: D004 | B5: HR | C5: Deepa Menon | D5: 65000 | E5: Pune | F5: 4.1
A6: D005 | B6: Sales | C6: Kiran Patel | D6: 70000 | E6: Hyderabad | F6: 9.3
A7: D006 | B7: Operations | C7: Meera Joshi | D7: 68000 | E7: Chennai | F7: 7.6

Sheet Grade_Bonus_Ref
A1: Grade | B1: Grade Name | C1: Bonus % | D1: Stock Options | E1: Notice Period
A2: L1 | B2: Junior | C2: 5 | D2: None | E2: 1 month
A3: L2 | B3: Mid-Level | C3: 8 | D3: 500 units | E3: =VLOOKUP(Grade_Bonus_Ref!A2,Grade_Bonus_Ref!$A$2:$E$6,3,FALSE) -> 5
A4: L3 | B4: Senior | C4: 12 | D4: 1000 units | E4: 2 months
A5: L4 | B5: Lead | C5: 18 | D5: 2500 units | E5: 2 months
A6: L5 | B6: Executive | C6: 25 | D6: 5000 units | E6: 3 months

Sheet Task1
A1: 📌 TASK: Fill columns D (Dept Name via VLOOKUP) and E (Bonus % via VLOOKUP) and F (Bonus Amount)
A2: Emp ID | B2: Full Name | C2: Dept ID | D2: Dept Name (write VLOOKUP) | E2: Bonus % (VLOOKUP) | F2: Bonus Amount (= Salary × Bonus %/100) | G2: Grade | H2: Annual Salary
A3: EMP1001 | B3: Vivek Chopra | C3: D002 | D3: =VLOOKUP(Task1!C3,Department_Ref!$A$2:$B$7,2,FALSE) -> Marketing
A4: EMP1002 | B4: Suresh Singh | C4: D003 | D4: =VLOOKUP(Task1!C4,Department_Ref!$A$2:$B$7,2,FALSE) -> Finance
A5: EMP1003 | B5: Ritu Singh | C5: D005 | D5: =VLOOKUP(Task1!C5,Department_Ref!$A$2:$B$7,2,FALSE) -> Sales
A6: EMP1004 | B6: Swati Joshi | C6: D003 | D6: =VLOOKUP(Task1!C6,Department_Ref!$A$2:$B$7,2,FALSE) -> Finance
A7: EMP1005 | B7: Sanjay Reddy | C7: D005 | D7: =VLOOKUP(Task1!C7,Department_Ref!$A$2:$B$7,2,FALSE) -> Sales
A8: EMP1006 | B8: Rekha Singh | C8: D004 | D8: =VLOOKUP(Task1!C8,Department_Ref!$A$2:$B$7,2,FALSE) -> HR
A9: EMP1007 | B9: Ritu Sharma | C9: D004 | D9: =VLOOKUP(Task1!C9,Department_Ref!$A$2:$B$7,2,FALSE) -> HR
A10: EMP1008 | B10: Rahul Nair | C10: D005 | D10: =VLOOKUP(Task1!C10,Department_Ref!$A$2:$B$7,2,FALSE) -> Sales
A11: EMP1009 | B11: Sneha Patel | C11: D002 | D11: =VLOOKUP(Task1!C11,Department_Ref!$A$2:$B$7,2,FALSE) -> Marketing
A12: EMP1010 | B12: Swati Reddy | C12: D005 | D12: =VLOOKUP(Task1!C12,Department_Ref!$A$2:$B$7,2,FALSE) -> Sales
A13: EMP1011 | B13: Meena Shah | C13: D006 | D13: =VLOOKUP(Task1!C13,Department_Ref!$A$2:$B$7,2,FALSE) -> Operations
A14: EMP1012 | B14: Dhruv Singh | C14: D002 | D14: =VLOOKUP(Task1!C14,Department_Ref!$A$2:$B$7,2,FALSE) -> Marketing
... A42: EMP1040 | B42: Rohit Joshi | C42: D003 | D42: =VLOOKUP(Task1!C42,Department_Ref!$A$2:$B$7,2,FALSE) -> Finance

Sheet Task3
A1: 📌 TASK: Fill column D using XLOOKUP to get Head of Dept, and column E for Budget
A2: Emp ID | B2: Full Name | C2: Dept ID | D2: Head of Dept (XLOOKUP) | E2: Budget ₹Cr (XLOOKUP) | F2: Grade | G2: City
A3: EMP1001 | B3: Vivek Chopra | C3: D002 | F3: L5 | G3: Delhi
A4: EMP1002 | B4: Suresh Singh | C4: D003 | F4: L4 | G4: Pune
A5: EMP1003 | B5: Ritu Singh | C5: D005 | F5: L4 | G5: Delhi
A6: EMP1004 | B6: Swati Joshi | C6: D003 | F6: L4 | G6: Chennai
A7: EMP1005 | B7: Sanjay Reddy | C7: D005 | F7: L3 | G7: Mumbai
A8: EMP1006 | B8: Rekha Singh | C8: D004 | F8: L3 | G8: Hyderabad
A9: EMP1007 | B9: Ritu Sharma | C9: D004 | F9: L2 | G9: Bangalore
A10: EMP1008 | B10: Rahul Nair | C10: D005 | F10: L2 | G10: Pune
A11: EMP1009 | B11: Sneha Patel | C11: D002 | F11: L2 | G11: Chennai
A12: EMP1010 | B12: Swati Reddy | C12: D005 | F12: L2 | G12: Mumbai
A13: EMP1011 | B13: Meena Shah | C13: D006 | F13: L4 | G13: Mumbai
A14: EMP1012 | B14: Dhruv Singh | C14: D002 | F14: L3 | G14: Pune
... A42: EMP1040 | B42: Rohit Joshi | C42: D003 | F42: L4 | G42: Pune

Sheet Task4
A1: 📌 TASK: Given the Employee Name in Col A, use INDEX-MATCH to fill B (Emp ID), C (Salary), D (City)
A2: Employee Name (Given) | B2: Emp ID (INDEX-MATCH) | C2: Salary (INDEX-MATCH) | D2: City (INDEX-MATCH)
A3: Vivek Chopra
A4: Suresh Singh
A5: Ritu Singh
A6: Swati Joshi
A7: Sanjay Reddy
A8: Rekha Singh
A9: Ritu Sharma
A10: Rahul Nair
A11: Sneha Patel
A12: Swati Reddy
A13: Meena Shah
A14: Dhruv Singh
... A17: Suresh Mehta
A24: Employee Name (Given) | B24: Emp ID (INDEX-MATCH) | C24: Salary (INDEX-MATCH) | D24: City (INDEX-MATCH)
A25: Vivek Chopra
A26: Suresh Singh
A27: Ritu Singh
A28: Swati Joshi
A29: Sanjay Reddy
A30: Rekha Singh
A31: Ritu Sharma
A32: Rahul Nair
A33: Sneha Patel
A34: Swati Reddy
A35: Meena Shah
A36: Dhruv Singh
... A39: Suresh Mehta
